<?xml version="1.0" encoding="UTF-8"?>

<configuration scan="true">
    <property name="APP" value="flow"/>
    <property name="LOG_HOME" value="/export/log/${APP}"/>
    <appender name="CONSOLE" class="ch.qos.logback.core.ConsoleAppender">
        <encoder>
            <pattern>%d{yy-MM-dd.HH:mm:ss.SSS} [%-16t] %-5p %-22c{0} %X{ServiceId} - %m%n</pattern>
        </encoder>
    </appender>
    <appender name="DETAIL" class="ch.qos.logback.core.rolling.RollingFileAppender" additivity="false">
        <File>${LOG_HOME}/${APP}_detail.log</File>
        <encoder>
            <pattern>%d{yy-MM-dd.HH:mm:ss.SSS} [%-16t] %-5p %-22c{0} %X{ServiceId} - %m%n</pattern>
        </encoder>
        <rollingPolicy class="ch.qos.logback.core.rolling.TimeBasedRollingPolicy">
            <fileNamePattern>${LOG_HOME}/${APP}_detail.log.%d{yyyyMMdd}</fileNamePattern>
        </rollingPolicy>
    </appender>
    <appender name="ACCESS" class="ch.qos.logback.core.rolling.RollingFileAppender" additivity="false">
        <File>${LOG_HOME}/${APP}_access.log</File>
        <encoder>
            <pattern>%d{yy-MM-dd.HH:mm:ss.SSS};%X{ServiceId};%m%n</pattern>
        </encoder>
        <rollingPolicy class="ch.qos.logback.core.rolling.TimeBasedRollingPolicy">
            <fileNamePattern>${LOG_HOME}/${APP}_access.log.%d{yyyyMMdd}</fileNamePattern>
        </rollingPolicy>
    </appender>
    <appender name="INVOCATION" class="ch.qos.logback.core.rolling.RollingFileAppender" additivity="false">
        <File>${LOG_HOME}/${APP}_invocation.log</File>
        <encoder>
            <pattern>%d{yy-MM-dd.HH:mm:ss.SSS};%X{ServiceId};%m%n</pattern>
        </encoder>
        <rollingPolicy class="ch.qos.logback.core.rolling.TimeBasedRollingPolicy">
            <fileNamePattern>${LOG_HOME}/${APP}_invocation.log.%d{yyyyMMdd}</fileNamePattern>
        </rollingPolicy>
    </appender>
    <appender name="SERIOUS" class="ch.qos.logback.core.rolling.RollingFileAppender" additivity="false">
        <File>${LOG_HOME}/${APP}_serious.log</File>
        <encoder>
            <pattern>%d{yy-MM-dd.HH:mm:ss.SSS};%X{ServiceId};%m%n</pattern>
        </encoder>
        <rollingPolicy class="ch.qos.logback.core.rolling.TimeBasedRollingPolicy">
            <fileNamePattern>${LOG_HOME}/${APP}_serious.log.%d{yyyyMMdd}</fileNamePattern>
        </rollingPolicy>
    </appender>

    <logger name="com.wangyin.npp.payment.utils.PaymentLogUtils">
        <appender-ref ref="SERIOUS"/>
    </logger>
    <logger name="ACCESS">
        <appender-ref ref="ACCESS"/>
    </logger>
    <logger name="INVOCATION">
        <appender-ref ref="INVOCATION"/>
    </logger>
    <logger name="INVOCATION.dubbo.com.jd.activemq.retry.service" level="WARN">
        <appender-ref ref="INVOCATION"/>
    </logger>
    <logger name="org.springframework" level="WARN"/>
    <logger name="org.apache.httpclient.wire" level="INFO"/>
    <logger name="org.apache.commons.httpclient" level="INFO"/>
    <logger name="org.apache.zookeeper" level="INFO"/>
    <!-- sql 日志，上线前去掉 -->
    <logger name="java.sql.Connection" level="DEBUG" />    
    <logger name="java.sql.Statement" level="DEBUG" />    
    <logger name="java.sql.PreparedStatement" level="DEBUG" /> 
    <root level="INFO">
        <appender-ref ref="DETAIL"/>
        <appender-ref ref="CONSOLE"/>
    </root>
</configuration>
